{"cameraMode":{"drawMode":0,"name":"Shaded","section":"Shading Mode"},"sceneLighting":true,"audioPlay":false,"sceneViewState":{"showFog":true,"showMaterialUpdate":true,"showSkybox":true,"showFlares":true,"showImageEffects":true,"showParticleSystems":true},"in2DMode":false,"pivot":{"x":-1.2071256637573243,"y":3.4581515789031984,"z":-7.227474212646484},"rotation":{"x":0.19753925502300263,"y":-0.41391676664352419,"z":0.09251681715250015,"w":0.8837968111038208},"size":9.789310455322266,"orthographic":false}