{"cameraMode":{"drawMode":0,"name":"Shaded","section":"Shading Mode"},"sceneLighting":false,"audioPlay":false,"sceneViewState":{"showFog":true,"showMaterialUpdate":true,"showSkybox":false,"showFlares":true,"showImageEffects":true,"showParticleSystems":true},"in2DMode":false,"pivot":{"x":654.415771484375,"y":316.93841552734377,"z":-17.2464599609375},"rotation":{"x":-0.013806501403450966,"y":-0.02158351242542267,"z":0.00028366121114231646,"w":-0.99968421459198},"size":524.7747192382813,"orthographic":false}