{"cameraMode":{"drawMode":0,"name":"Shaded","section":"Shading Mode"},"sceneLighting":true,"audioPlay":false,"sceneViewState":{"showFog":true,"showMaterialUpdate":true,"showSkybox":true,"showFlares":true,"showImageEffects":true,"showParticleSystems":true},"in2DMode":false,"pivot":{"x":1.14304780960083,"y":-0.1328716278076172,"z":4.237624168395996},"rotation":{"x":0.30216825008392336,"y":0.4293229877948761,"z":-0.15501289069652558,"w":0.8368730545043945},"size":6.500391960144043,"orthographic":false}