{"cameraMode":{"drawMode":0,"name":"Shaded","section":"Shading Mode"},"sceneLighting":true,"audioPlay":false,"sceneViewState":{"showFog":true,"showMaterialUpdate":true,"showSkybox":true,"showFlares":true,"showImageEffects":true,"showParticleSystems":true},"in2DMode":false,"pivot":{"x":3.3097972869873049,"y":1.4600920677185059,"z":2.9537174701690676},"rotation":{"x":0.24247197806835175,"y":-0.4356671869754791,"z":0.12310582399368286,"w":0.8580609560012817},"size":6.151070594787598,"orthographic":false}