{"cameraMode":{"drawMode":0,"name":"Shaded","section":"Shading Mode"},"sceneLighting":false,"audioPlay":false,"sceneViewState":{"showFog":true,"showMaterialUpdate":true,"showSkybox":false,"showFlares":true,"showImageEffects":true,"showParticleSystems":true},"in2DMode":false,"pivot":{"x":-0.45913243293762209,"y":4.843164443969727,"z":-1.8338804244995118},"rotation":{"x":0.02789507806301117,"y":-0.00031498027965426445,"z":0.00000940262725634966,"w":0.999623715877533},"size":10.0,"orthographic":false}