{"cameraMode":{"drawMode":0,"name":"Shaded","section":"Shading Mode"},"sceneLighting":false,"audioPlay":false,"sceneViewState":{"showFog":true,"showMaterialUpdate":true,"showSkybox":false,"showFlares":true,"showImageEffects":true,"showParticleSystems":true},"in2DMode":false,"pivot":{"x":-0.2592371702194214,"y":-0.5832462310791016,"z":-1.8094063997268677},"rotation":{"x":-0.08438076823949814,"y":0.8983854055404663,"z":-0.38290277123451235,"w":-0.1979609578847885},"size":3.217759370803833,"orthographic":false}