{"cameraMode":{"drawMode":0,"name":"Shaded","section":"Shading Mode"},"sceneLighting":false,"audioPlay":false,"sceneViewState":{"showFog":true,"showMaterialUpdate":true,"showSkybox":false,"showFlares":true,"showImageEffects":true,"showParticleSystems":true},"in2DMode":false,"pivot":{"x":-70.0999984741211,"y":3.4581515789031984,"z":2.7725257873535158},"rotation":{"x":0.1882805973291397,"y":-0.2488456815481186,"z":0.04938302934169769,"w":0.9487885236740112},"size":3.0198493003845217,"orthographic":false}