{"cameraMode":{"drawMode":0,"name":"Shaded","section":"Shading Mode"},"sceneLighting":false,"audioPlay":false,"sceneViewState":{"showFog":true,"showMaterialUpdate":true,"showSkybox":false,"showFlares":true,"showImageEffects":true,"showParticleSystems":true},"in2DMode":false,"pivot":{"x":1.1984522342681885,"y":0.48838114738464358,"z":0.20167326927185059},"rotation":{"x":0.22379513084888459,"y":0.40577632188796999,"z":-0.10318003594875336,"w":0.8801244497299194},"size":1.6794228553771973,"orthographic":false}