{"cameraMode":{"drawMode":0,"name":"Shaded","section":"Shading Mode"},"sceneLighting":true,"audioPlay":false,"sceneViewState":{"showFog":true,"showMaterialUpdate":true,"showSkybox":true,"showFlares":true,"showImageEffects":true,"showParticleSystems":true},"in2DMode":false,"pivot":{"x":1.0179595947265626,"y":-0.5865030288696289,"z":1.3848772048950196},"rotation":{"x":0.2750166356563568,"y":-0.1902192085981369,"z":0.055607181042432788,"w":0.9407989978790283},"size":14.212438583374024,"orthographic":false}