{"cameraMode":{"drawMode":0,"name":"Shaded","section":"Shading Mode"},"sceneLighting":true,"audioPlay":false,"sceneViewState":{"showFog":true,"showMaterialUpdate":true,"showSkybox":true,"showFlares":true,"showImageEffects":true,"showParticleSystems":true},"in2DMode":false,"pivot":{"x":2.0523602962493898,"y":1.0129374265670777,"z":5.053191184997559},"rotation":{"x":-0.09628812968730927,"y":0.895220160484314,"z":-0.3657865524291992,"w":-0.23564542829990388},"size":2.6896424293518068,"orthographic":false}