{"cameraMode":{"drawMode":0,"name":"Shaded","section":"Shading Mode"},"sceneLighting":true,"audioPlay":false,"sceneViewState":{"showFog":true,"showMaterialUpdate":true,"showSkybox":true,"showFlares":true,"showImageEffects":true,"showParticleSystems":true},"in2DMode":false,"pivot":{"x":265.6167297363281,"y":204.81979370117188,"z":-173.56417846679688},"rotation":{"x":0.01143693272024393,"y":0.983494222164154,"z":-0.1677088588476181,"w":0.06709123402833939},"size":810.72509765625,"orthographic":false}