{"cameraMode":{"drawMode":0,"name":"Shaded","section":"Shading Mode"},"sceneLighting":true,"audioPlay":false,"sceneViewState":{"showFog":true,"showMaterialUpdate":true,"showSkybox":true,"showFlares":true,"showImageEffects":true,"showParticleSystems":true},"in2DMode":false,"pivot":{"x":-0.39929914474487307,"y":0.30613791942596438,"z":-0.23120972514152528},"rotation":{"x":0.13215506076812745,"y":-0.667506754398346,"z":0.12208472937345505,"w":0.722558319568634},"size":2.170299530029297,"orthographic":false}