{"cameraMode":{"drawMode":0,"name":"Shaded","section":"Shading Mode"},"sceneLighting":false,"audioPlay":false,"sceneViewState":{"showFog":true,"showMaterialUpdate":true,"showSkybox":false,"showFlares":true,"showImageEffects":true,"showParticleSystems":true},"in2DMode":false,"pivot":{"x":-2.458542585372925,"y":0.7420200109481812,"z":-1.90159273147583},"rotation":{"x":0.04233445227146149,"y":-0.9063100814819336,"z":0.09358827769756317,"w":0.40995830297470095},"size":3.251676321029663,"orthographic":false}