{"cameraMode":{"drawMode":0,"name":"Shaded","section":"Shading Mode"},"sceneLighting":false,"audioPlay":false,"sceneViewState":{"showFog":true,"showMaterialUpdate":true,"showSkybox":false,"showFlares":true,"showImageEffects":true,"showParticleSystems":true},"in2DMode":false,"pivot":{"x":2.1676509380340578,"y":-2.2160444259643556,"z":-4.675628662109375},"rotation":{"x":-0.0003563177597243339,"y":-0.9555209875106812,"z":0.29494795203208926,"w":-0.0011497519444674254},"size":6.851677894592285,"orthographic":false}