{"cameraMode":{"drawMode":0,"name":"Shaded","section":"Shading Mode"},"sceneLighting":false,"audioPlay":false,"sceneViewState":{"showFog":true,"showMaterialUpdate":true,"showSkybox":false,"showFlares":true,"showImageEffects":true,"showParticleSystems":true},"in2DMode":false,"pivot":{"x":-2.9240500926971437,"y":-0.4631161689758301,"z":-4.128782749176025},"rotation":{"x":0.05659633129835129,"y":-0.9395502805709839,"z":0.19084666669368745,"w":0.27863165736198428},"size":5.0516767501831059,"orthographic":false}