{"cameraMode":{"drawMode":0,"name":"Shaded","section":"Shading Mode"},"sceneLighting":true,"audioPlay":false,"sceneViewState":{"showFog":true,"showMaterialUpdate":true,"showSkybox":true,"showFlares":true,"showImageEffects":true,"showParticleSystems":true},"in2DMode":false,"pivot":{"x":608.1384887695313,"y":325.3180847167969,"z":-58.79248046875},"rotation":{"x":0.02789507806301117,"y":-0.00031498027965426445,"z":0.00000940262725634966,"w":0.999623715877533},"size":572.2772827148438,"orthographic":false}