{"cameraMode":{"drawMode":0,"name":"Shaded","section":"Shading Mode"},"sceneLighting":false,"audioPlay":false,"sceneViewState":{"showFog":true,"showMaterialUpdate":true,"showSkybox":false,"showFlares":true,"showImageEffects":true,"showParticleSystems":true},"in2DMode":false,"pivot":{"x":0.09936237335205078,"y":-0.6327314376831055,"z":-0.06398597359657288},"rotation":{"x":0.008710374124348164,"y":0.722785472869873,"z":-0.6909711956977844,"w":0.009119629859924317},"size":2.3177595138549806,"orthographic":false}