{"cameraMode":{"drawMode":0,"name":"Shaded","section":"Shading Mode"},"sceneLighting":false,"audioPlay":false,"sceneViewState":{"showFog":true,"showMaterialUpdate":true,"showSkybox":false,"showFlares":true,"showImageEffects":true,"showParticleSystems":true},"in2DMode":false,"pivot":{"x":-0.3116808831691742,"y":-3.493114471435547,"z":-1.4180407524108887},"rotation":{"x":0.007797847036272287,"y":-0.9044374823570252,"z":0.426232248544693,"w":0.016550378873944284},"size":4.451676368713379,"orthographic":false}