{"cameraMode":{"drawMode":0,"name":"Shaded","section":"Shading Mode"},"sceneLighting":true,"audioPlay":false,"sceneViewState":{"showFog":true,"showMaterialUpdate":true,"showSkybox":true,"showFlares":true,"showImageEffects":true,"showParticleSystems":true},"in2DMode":false,"pivot":{"x":7.6631364822387699,"y":-0.2942066192626953,"z":7.436106204986572},"rotation":{"x":0.3799969255924225,"y":-0.1856558620929718,"z":0.07813799381256104,"w":0.9028011560440064},"size":10.365188598632813,"orthographic":false}